timestamp,session_id,node,action,question,plan,query,num_chunks_retrieved,pages_retrieved,confidence,iterations,refinements,answer,metadata
2025-11-07T08:48:57.053807,,planner,plan_generation,what is the technical assessment about?,"1. Identify the main subject of the technical assessment within document c8c82eb6-be06-4c1a-abc7-48cce6f185b3.
2. Determine the key findings or conclusions of the technical assessment as presented in document c8c82eb6-be06-4c1a-abc7-48cce6f185b3.
3. Extract any recommendations or next steps outlined in the technical assessment within document c8c82eb6-be06-4c1a-abc7-48cce6f185b3.",,0,,0.0,0,,,
2025-11-07T08:49:24.787996,,retriever,retrieve,,,"what is the technical assessment about?  1. Identify the main subject of the technical assessment within document c8c82eb6-be06-4c1a-abc7-48cce6f185b3.
2. Determine the key findings or conclusions of the technical assessment as presented in document c8c82eb6-be06-4c1a-abc7-48cce6f185b3.
3. Extract any recommendations or next steps outlined in the technical assessment within document c8c82eb6-be06-4c1a-abc7-48cce6f185b3.",1,[1],0.0,0,,,"{""new_chunks"": 1, ""total_chunks"": 1, ""top_scores"": [{""lex"": 0.0, ""vec"": 0.5088875283136967, ""ce"": 0.06304222345352173}]}"
2025-11-07T08:49:26.196998,,compressor,compress,,,,1,,0.0,0,,,"{""notes_length"": 936}"
2025-11-07T08:49:26.200407,,critic,evaluate,,,,0,,0.4,0,,,"{""strong_chunks"": 0, ""total_chunks"": 1, ""threshold"": 0.3}"
2025-11-07T08:49:27.070528,,critic,request_refinement,,,,0,,0.4,1,"[""What are the specific Gemini models or local parsers recommended for text extraction and why?"", ""What are the recommended chunk sizes and embedding models for the RAG system?""]",,
2025-11-07T08:49:27.253351,,refine_retrieve,refine_query,,,What are the specific Gemini models or local parsers recommended for text extraction and why?,1,[1],0.0,0,,,
2025-11-07T08:49:27.429889,,refine_retrieve,refine_query,,,What are the recommended chunk sizes and embedding models for the RAG system?,1,[1],0.0,0,,,
2025-11-07T08:49:27.434851,,refine_retrieve,merge_results,,,,1,[1],0.0,0,,,"{""refinement_chunks"": 2, ""total_after_merge"": 1}"
2025-11-07T08:49:28.763733,,compressor,compress,,,,1,,0.0,0,,,"{""notes_length"": 958}"
2025-11-07T08:49:28.767288,,critic,evaluate,,,,0,,0.4,1,,,"{""strong_chunks"": 0, ""total_chunks"": 1, ""threshold"": 0.3}"
2025-11-07T08:49:29.640158,,critic,request_refinement,,,,0,,0.4,2,"[""What are the specific Gemini models recommended for text extraction and embeddings?"", ""What are the recommended chunk sizes and embedding dimensions for the RAG system?""]",,
2025-11-07T08:49:29.814151,,refine_retrieve,refine_query,,,What are the specific Gemini models recommended for text extraction and embeddings?,1,[1],0.0,0,,,
2025-11-07T08:49:29.993468,,refine_retrieve,refine_query,,,What are the recommended chunk sizes and embedding dimensions for the RAG system?,1,[1],0.0,0,,,
2025-11-07T08:49:29.995859,,refine_retrieve,merge_results,,,,1,[1],0.0,0,,,"{""refinement_chunks"": 2, ""total_after_merge"": 1}"
2025-11-07T08:49:31.503498,,compressor,compress,,,,1,,0.0,0,,,"{""notes_length"": 1077}"
2025-11-07T08:49:31.506307,,critic,evaluate,,,,0,,0.4,2,,,"{""strong_chunks"": 0, ""total_chunks"": 1, ""threshold"": 0.3}"
2025-11-07T08:49:32.285117,,critic,request_refinement,,,,0,,0.4,3,"[""What are the specific Gemini models used for text extraction and embeddings?"", ""What are the recommended chunk sizes and embedding dimensions?""]",,
2025-11-07T08:49:32.459718,,refine_retrieve,refine_query,,,What are the specific Gemini models used for text extraction and embeddings?,1,[1],0.0,0,,,
2025-11-07T08:49:32.630553,,refine_retrieve,refine_query,,,What are the recommended chunk sizes and embedding dimensions?,1,[1],0.0,0,,,
2025-11-07T08:49:32.634748,,refine_retrieve,merge_results,,,,1,[1],0.0,0,,,"{""refinement_chunks"": 2, ""total_after_merge"": 1}"
2025-11-07T08:49:33.937146,,compressor,compress,,,,1,,0.0,0,,,"{""notes_length"": 1016}"
2025-11-07T08:49:33.939901,,critic,evaluate,,,,0,,0.4,3,,,"{""strong_chunks"": 0, ""total_chunks"": 1, ""threshold"": 0.3}"
2025-11-07T08:49:34.825428,,synthesizer,synthesize,what is the technical assessment about?,,,1,[1],0.4,3,,"The technical assessment is about building a tiny Retrieval Augmented Generation (RAG) system. This system ingests content, converts it to clean text, splits it into chunks, stores these chunks as embeddings in a vector store, and then answers user questions using retrieved chunks with explanations [1].

Sources: [1] doc:c8c82eb6... p1â€“1","{""citations"": [""[1] doc:c8c82eb6... p1\u20131""], ""answer_length"": 339, ""doc_id"": ""c8c82eb6-be06-4c1a-abc7-48cce6f185b3""}"
